variable,scope,slope,se,p_value,significance,direction,n_years,years
liberalism_index,Overall Population,0.005193051656891972,0.0024992503836047306,0.08298196604643382,ns,INCREASING,8,"2002, 2004, 2010, 2011, 2012, 2018, 2021, 2022"
restrictionism_index,Overall Population,0.0015476497941821616,6.144190156815222e-4,0.03987558168608388,*,INCREASING,9,"2002, 2007, 2010, 2011, 2012, 2016, 2018, 2021, 2022"
legalization_support,Overall Population,-0.1720294693863885,0.022871170736683294,0.0048703532930742185,**,DECREASING,5,"2002, 2004, 2010, 2021, 2022"
daca_support,Overall Population,-0.2980017566984195,0.12245827770847714,0.13539868304565703,ns,DECREASING,4,"2011, 2012, 2018, 2021"
deportation_policy_support,Overall Population,0.016080393508382054,0.023473419586641803,0.6176336374558091,ns,INCREASING,3,"2010, 2021, 2022"
border_security_support,Overall Population,0.031773113632820815,8.759899536825582e-4,0.01754726645738085,*,INCREASING,3,"2010, 2021, 2022"
