survey_year,First_vs_Second,First_vs_Third,Second_vs_Third
2002,-0.28873074888035677,-0.47199046494565156,-0.1832597160652948
2004,-0.2403503616022678,-0.6639390059562547,-0.4235886443539868
2010,0.09404609523131696,-0.10887057713500572,-0.2029166723663227
2011,-0.185683489150182,-0.31007116042064187,-0.12438767127045985
2012,-0.041572130950980404,-0.2213319640170038,-0.1797598330660234
2018,-0.22362445542164774,-0.5002203983616523,-0.2765959429400046
2021,0.23229433345580114,-0.004159935220269178,-0.23645426867607033
2022,0.47570328608101276,0.2435312721533538,-0.23217201392765896
