index,scope,slope,se,p_value,significance,direction,n_years,years
Immigration Policy Liberalism,First Generation,0.02123658879223668,0.009349523196719424,0.1510930615427037,ns,INCREASING,4,"2002, 2004, 2021, 2022"
Immigration Policy Liberalism,Second Generation,-0.014314049449583307,0.00563373474375589,0.12623313004233935,ns,DECREASING,4,"2002, 2004, 2021, 2022"
Immigration Policy Liberalism,Third+ Generation,-0.006830860272367346,0.0025715229134668036,0.11730159512005431,ns,DECREASING,4,"2002, 2004, 2021, 2022"
Immigration Policy Restrictionism,First Generation,0.006588295970342336,0.00201699928529589,0.0823193854148307,ns,INCREASING,4,"2002, 2007, 2021, 2022"
Immigration Policy Restrictionism,Second Generation,-0.007964203671839467,0.0021173254217155776,0.06397154909630302,ns,DECREASING,4,"2002, 2007, 2021, 2022"
Immigration Policy Restrictionism,Third+ Generation,0.0018365902120339905,0.009816400767843656,0.8688472711097435,ns,INCREASING,4,"2002, 2007, 2021, 2022"
