generation_label,n,liberalism_mean,liberalism_se,restrictionism_mean,restrictionism_se,concern_mean,concern_se
First Generation,9770,-0.015021439924301525,0.00911482155332053,0.0026024884739086376,0.010066135712864509,-0.07259950853193735,0.014933143269552253
Second Generation,6500,-0.09724799113828193,0.013319871129191922,-0.024462303332271954,0.012227145441274496,0.3195456785261679,0.051459087904106644
Third+ Generation,1622,0.13280292483862263,0.030622588334910765,-0.002409730168129034,0.02661566375604358,0.5082315139336939,0.04323306491178544
