index,scope,slope,p_value,significance,direction,n_years,years
liberalism_index,Second Generation,-0.005057240242456984,0.4876256266088622,ns,DECREASING,6,"2002, 2004, 2010, 2012, 2021, 2022"
restrictionism_index,Second Generation,-0.015330126247762955,0.055623590980752056,ns,DECREASING,7,"2002, 2007, 2010, 2012, 2016, 2021, 2022"
concern_index,Second Generation,-0.04883814497407812,0.30837150653884526,ns,DECREASING,3,"2007, 2010, 2021"
liberalism_index,First Generation,0.01902788667568184,0.02092775922297822,*,INCREASING,6,"2002, 2004, 2010, 2012, 2021, 2022"
restrictionism_index,First Generation,0.010736080228673405,0.004150335069092715,**,INCREASING,7,"2002, 2007, 2010, 2012, 2016, 2021, 2022"
concern_index,First Generation,0.004383554110905627,0.8669123067486368,ns,INCREASING,3,"2007, 2010, 2021"
liberalism_index,Third+ Generation,-0.01580779320996809,0.15807248245982777,ns,DECREASING,6,"2002, 2004, 2010, 2012, 2021, 2022"
restrictionism_index,Third+ Generation,-0.0017126790195722624,0.908208314000841,ns,DECREASING,6,"2002, 2007, 2010, 2012, 2021, 2022"
concern_index,Third+ Generation,-0.02744289069189112,0.1202624589196985,ns,DECREASING,3,"2007, 2010, 2021"
