index,scope,slope,se,p_value,significance,direction,n_years,years
Immigration Policy Liberalism,First Generation,0.020922846788877274,0.00672925054265269,0.03589833669273061,*,INCREASING,6,"2002, 2004, 2010, 2012, 2021, 2022"
Immigration Policy Liberalism,Second Generation,-0.009856041198684749,0.0025007030453503705,0.02911120333066543,*,DECREASING,5,"2002, 2004, 2010, 2012, 2022"
Immigration Policy Liberalism,Third+ Generation,-0.013080005734950852,0.00823156733779403,0.21027269194369824,ns,DECREASING,5,"2002, 2004, 2010, 2021, 2022"
Immigration Policy Restrictionism,First Generation,0.006408527578253246,0.0013796638581737332,0.005607379860345462,**,INCREASING,7,"2002, 2007, 2010, 2012, 2016, 2021, 2022"
Immigration Policy Restrictionism,Second Generation,-0.006685100336194103,0.001665447145732933,0.015943603774531315,*,DECREASING,6,"2002, 2007, 2010, 2012, 2016, 2022"
Immigration Policy Restrictionism,Third+ Generation,0.001994611061693805,0.007979976023970482,0.818763073875246,ns,INCREASING,5,"2002, 2007, 2010, 2021, 2022"
Deportation Concern,First Generation,0.01704268537656916,0.007799868443961593,0.2732443237732966,ns,INCREASING,3,"2007, 2010, 2021"
Deportation Concern,Third+ Generation,-0.032317616533830064,0.004729596968381379,0.09251088384737076,ns,DECREASING,3,"2007, 2010, 2021"
