index,scope,slope,se,p_value,significance,direction,n_years,years
Immigration Policy Liberalism,First Generation,0.019977379692285312,0.006271709365656634,0.018948106802808857,*,INCREASING,8,"2002, 2004, 2010, 2011, 2012, 2018, 2021, 2022"
Immigration Policy Liberalism,Second Generation,-0.010093987498484018,0.0029069380196805757,0.017803821030153554,*,DECREASING,7,"2002, 2004, 2010, 2011, 2012, 2018, 2022"
Immigration Policy Liberalism,Third+ Generation,-0.009874306790108863,0.007342064896138145,0.2364389982295414,ns,DECREASING,7,"2002, 2004, 2010, 2011, 2018, 2021, 2022"
Immigration Policy Restrictionism,First Generation,0.006047476633299917,0.003266025511886178,0.10651173912453901,ns,INCREASING,9,"2002, 2007, 2010, 2011, 2012, 2016, 2018, 2021, 2022"
Immigration Policy Restrictionism,Second Generation,-0.007401553708522825,0.00400782526918135,0.11429979498604842,ns,DECREASING,8,"2002, 2007, 2010, 2011, 2012, 2016, 2018, 2022"
Immigration Policy Restrictionism,Third+ Generation,0.002534018164346098,0.008652908673269274,0.7813998352700504,ns,INCREASING,7,"2002, 2007, 2010, 2011, 2018, 2021, 2022"
Deportation Concern,First Generation,0.016068720115495243,0.00880649073666241,0.20960877768009153,ns,INCREASING,4,"2007, 2010, 2018, 2021"
Deportation Concern,Second Generation,-0.019073674772353295,0.05547760669739515,0.7891843641700836,ns,DECREASING,3,"2007, 2010, 2018"
Deportation Concern,Third+ Generation,-0.0244183496532237,0.006668702393677895,0.06715829647316432,ns,DECREASING,4,"2007, 2010, 2018, 2021"
