index,generation,slope,se,p_value,significance,n_points
Liberalism Index,First Generation,0.022224816373428855,0.008454958494727625,0.1193620322398468,ns,4
Liberalism Index,Second Generation,-0.020097186485772387,0.028259036632054785,0.516247929090999,ns,6
Liberalism Index,Third+ Generation,-0.008316255946290157,0.003050291185415372,0.1123165985318415,ns,4
Restrictionism Index,First Generation,0.006902990503989917,0.001803860667747252,0.06200280756490871,ns,4
Restrictionism Index,Second Generation,-0.010671859615887852,0.006336345061101397,0.15295513518141346,ns,7
Restrictionism Index,Third+ Generation,-0.004910680743765497,0.012888039179270663,0.7398505664855809,ns,4
Deportation Concern Index,Second Generation,-0.04999504079469917,0.022128565318555497,0.26527677598338534,ns,3
