variable,df_interaction,F_value,p_value,significance
liberalism_index,2,11.187954275015432,6.955875070378436e-4,***
restrictionism_index,2,3.247740108827769,0.060059540287785956,ns
legalization_support,2,1.4197901661116363,0.29112392900467493,ns
daca_support,2,0.5742523285764384,0.5913003523668469,ns
deportation_policy_support,2,36.39278466985653,0.007875934681273865,**
border_security_support,2,0.9983948339727864,0.465205969309939,ns
