variable,best_break_year,bic_single_line,bic_two_lines,delta_bic
liberalism_index,2004,-70.31186178681236,-66.15593128054364,4.155930506268717
restrictionism_index,2011,-97.24382695286839,-91.4732871252125,5.770539827655895
legalization_support,2010,-14.520480635008052,-53.08164015251398,-38.56115951750593
daca_support,2012,1.1338720026533533,-43.92863525110245,-45.062507253755804
border_wall_support,2010,-24.379673065303876,-20.796154126847775,3.583518938456102
deportation_policy_support,2021,-32.89146761825828,-24.478869011290897,8.412598606967386
border_security_support,2021,-31.50310195430674,-26.938262160210854,4.564839794095885
