variable,df_interaction,F_value,p_value,significance
liberalism_index,2,11.187954275015581,6.955875070377977e-4,***
restrictionism_index,2,3.24774010882781,0.0600595402877841,ns
legalization_support,2,1.4197901661116348,0.2911239290046752,ns
daca_support,2,0.5742523285764386,0.5913003523668464,ns
deportation_policy_support,2,36.39278466985212,0.007875934681275242,**
border_security_support,2,0.9983948339727844,0.46520596930993974,ns
